registryID,OccupationID,startDate,endDate,householdID,housingUnitID
953,1,1990-09-23,1996-11-28,822,234
363,2,1983-08-09,2009-03-05,494,413
83,3,1970-01-07,1999-01-15,875,41
589,4,1973-07-07,2005-09-30,472,907
738,5,1991-12-20,2017-01-16,696,843
428,6,1973-10-13,2020-03-28,807,728
878,7,1972-03-12,2012-10-27,529,804
696,8,1986-11-27,1996-12-03,947,78
478,9,1987-05-09,1996-12-06,508,545
421,10,1979-09-17,2000-10-07,92,82
137,11,1972-01-22,1997-01-29,120,374
620,12,1970-01-10,2001-09-10,157,728
12,13,1970-10-26,1999-03-19,994,119
728,14,1977-10-03,2012-11-11,346,318
370,15,1983-05-08,2005-07-05,363,309
57,16,1996-06-03,1996-12-08,720,152
973,17,1973-09-08,2017-06-06,996,228
504,18,1984-06-22,2013-05-15,12,990
923,19,1970-01-07,2011-11-26,646,614
352,20,1972-05-17,1997-01-09,431,134
378,21,1980-11-02,2006-07-15,343,798
848,22,1977-02-28,2016-04-23,137,489
982,23,1994-12-11,1997-11-09,837,620
907,24,1988-03-02,2006-03-22,773,516
28,25,1983-09-29,1998-07-29,731,973
793,26,1971-10-13,2005-03-30,60,725
280,27,1992-12-14,2012-06-17,109,234
78,28,1986-07-22,2014-01-06,482,195
740,29,1975-10-05,2022-11-03,415,266
630,30,1970-11-28,2021-06-30,137,261
828,31,1987-08-16,1998-11-08,457,175
555,32,1979-02-12,2017-06-19,532,784
186,33,1972-10-02,2022-10-01,369,318
768,34,1984-04-23,2014-07-21,724,45
217,35,1970-09-14,2019-03-06,587,928
59,36,1995-07-06,2014-07-01,8,149
476,37,1984-07-09,1996-12-06,401,532
955,38,1974-03-25,1998-11-17,197,825
931,39,1991-06-13,2012-05-14,67,966
245,40,1982-07-26,1996-11-29,434,638
515,41,1992-02-21,2023-10-02,865,446
520,42,1970-01-08,1996-12-02,355,174
699,43,1972-01-15,1997-01-23,451,497
76,44,1971-01-03,2017-10-07,600,623
150,45,1971-12-16,2023-02-06,273,94
952,46,1970-04-02,2016-03-29,662,70
584,47,1976-01-04,2022-01-07,389,133
384,48,1976-01-01,2019-11-19,340,932
245,49,1972-10-25,1996-12-08,503,293
292,50,1972-09-26,2001-03-23,670,383
924,51,1989-12-13,2012-02-09,899,764
306,52,1987-10-28,2014-11-26,370,20
521,53,1990-08-28,1996-11-29,5,991
308,54,1970-01-10,2019-10-11,373,864
266,55,1989-12-03,2021-04-28,279,396
467,56,1972-09-09,2014-09-27,422,610
534,57,1982-07-16,2019-12-19,834,952
648,58,1978-09-29,2021-07-24,966,451
106,59,1989-09-18,2006-04-05,206,247
163,60,1976-03-02,2021-02-18,988,999
323,61,1987-08-02,2001-02-08,800,710
318,62,1976-02-26,2017-05-22,285,963
159,63,1988-09-10,2023-04-25,734,681
707,64,1977-02-03,2006-10-01,412,172
651,65,1970-01-29,2007-11-11,800,722
652,66,1985-01-21,1998-05-25,546,957
940,67,1994-12-18,1997-05-17,998,245
913,68,1986-01-06,2021-02-27,255,400
548,69,1974-01-05,2003-05-06,127,48
223,70,1970-02-08,2005-12-15,472,607
983,71,1970-01-08,1998-02-25,240,217
831,72,1986-03-21,2005-06-11,37,639
620,73,1985-03-12,2021-12-16,848,117
178,74,1996-05-26,2007-07-30,30,24
472,75,1979-01-13,1999-12-04,205,133
45,76,1986-04-22,1997-02-07,560,146
172,77,1971-11-30,2005-04-13,193,480
265,78,1970-02-23,2011-05-07,798,971
118,79,1970-01-03,1997-07-25,927,631
550,80,1990-01-30,2012-12-20,549,18
991,81,1970-02-09,1997-01-20,469,764
759,82,1981-09-05,1996-12-03,78,580
232,83,1970-01-10,1998-07-08,505,941
121,84,1985-07-26,2012-04-03,233,528
65,85,1989-12-19,1996-12-02,680,230
391,86,1984-06-19,1996-11-28,942,669
642,87,1982-04-15,2006-09-10,500,604
165,88,1972-04-18,2003-01-11,973,156
48,89,1979-06-07,2012-09-06,358,933
304,90,1987-02-10,2016-05-09,686,31
210,91,1994-09-20,2022-01-03,906,295
149,92,1995-08-11,1996-11-28,240,768
428,93,1985-04-27,2005-03-17,497,788
967,94,1979-11-08,1996-11-28,889,567
628,95,1993-03-06,2007-08-31,550,836
476,96,1970-02-11,2021-10-08,122,481
986,97,1976-10-18,2015-02-12,549,226
856,98,1987-07-23,1997-01-29,23,910
603,99,1971-10-25,2013-12-30,975,781
202,100,1972-06-07,2019-08-26,247,585
869,101,1989-12-14,2018-07-20,506,176
574,102,1970-02-02,2012-05-12,252,525
976,103,1985-03-03,2017-05-04,345,557
862,104,1972-03-21,2017-05-13,179,534
650,105,1996-10-26,2007-08-14,803,937
901,106,1991-09-29,2009-12-15,677,989
479,107,1983-05-19,2002-04-02,377,706
57,108,1982-01-06,1997-08-05,926,760
439,109,1977-12-12,1998-02-20,898,211
554,110,1970-01-08,2011-11-15,989,17
796,111,1971-08-04,2016-07-21,913,980
525,112,1994-11-17,2020-08-03,948,473
591,113,1981-09-30,2006-11-23,521,267
625,114,1975-03-06,2015-07-02,766,308
126,115,1979-12-23,2022-07-23,649,474
81,116,1970-01-09,2002-04-03,481,582
888,117,1971-02-11,2009-06-30,367,677
663,118,1996-06-16,1996-12-04,621,303
651,119,1985-02-03,2009-12-04,808,12
559,120,1973-09-21,2021-04-03,117,173
336,121,1989-02-19,1998-01-09,666,184
504,122,1980-10-29,2016-05-05,727,56
124,123,1992-11-29,2008-04-04,272,862
150,124,1970-01-08,2003-04-29,832,279
406,125,1970-01-09,2014-12-07,671,420
332,126,1970-01-29,2023-09-04,189,271
488,127,1988-08-18,2004-05-27,238,492
597,128,1994-07-25,2000-04-02,244,808
317,129,1970-03-09,1997-02-26,808,51
599,130,1981-01-24,1997-11-02,635,62
105,131,1989-02-24,2007-10-22,344,465
685,132,1993-06-26,1996-12-07,886,294
940,133,1973-07-12,1996-11-28,139,885
772,134,1986-02-19,2011-06-06,80,986
304,135,1982-09-19,1996-12-02,551,431
383,136,1975-01-31,1999-03-23,214,816
507,137,1970-01-10,2010-10-09,911,188
719,138,1991-08-28,1997-06-02,424,827
678,139,1990-01-12,1998-02-22,954,302
588,140,1982-08-13,1997-02-20,218,893
818,141,1983-02-05,1998-02-28,24,857
158,142,1992-11-11,1996-11-30,968,948
410,143,1993-11-17,2021-02-19,127,722
64,144,1972-01-26,1999-08-16,594,949
365,145,1979-01-02,1997-02-04,879,698
701,146,1986-12-19,2010-02-06,258,23
162,147,1984-11-16,1996-12-19,790,221
72,148,1970-01-03,1998-08-19,991,55
852,149,1970-04-06,2008-02-04,427,99
981,150,1987-07-13,1996-11-29,717,50
582,151,1989-09-24,2020-11-24,72,520
736,152,1970-02-21,1998-08-15,650,296
176,153,1990-12-20,2018-08-25,961,347
655,154,1975-10-22,1997-07-15,630,257
18,155,1972-08-24,1997-01-21,752,948
593,156,1986-02-01,1997-08-28,497,451
913,157,1976-01-03,2002-02-17,49,681
703,158,1987-04-21,2001-07-18,550,707
159,159,1983-07-31,2022-09-15,435,856
193,160,1986-09-19,2023-08-27,291,147
684,161,1970-04-03,2019-09-10,383,836
823,162,1978-02-03,1999-01-04,765,190
422,163,1982-04-03,2000-04-25,918,798
132,164,1977-08-26,2019-01-28,526,36
601,165,1970-01-01,2009-08-26,852,963
168,166,1983-11-18,1996-12-19,395,623
418,167,1970-02-07,1999-08-23,100,164
192,168,1989-03-09,2012-04-17,1,128
492,169,1991-06-25,2023-09-25,830,634
229,170,1981-05-07,1999-01-26,498,623
692,171,1972-12-08,2009-05-06,166,513
483,172,1991-06-29,1996-12-03,260,799
135,173,1972-03-24,1996-12-04,829,285
289,174,1972-05-28,1996-12-03,431,902
880,175,1994-04-01,2013-07-26,676,713
337,176,1986-05-17,2016-01-04,735,147
217,177,1970-10-17,2011-07-18,313,940
960,178,1970-02-22,2010-10-13,198,721
251,179,1971-03-30,2007-05-31,126,397
245,180,1978-10-18,2015-10-24,566,467
231,181,1974-05-31,1997-02-08,409,279
292,182,1984-01-02,2013-07-25,852,911
164,183,1986-07-17,2011-10-09,262,237
123,184,1991-04-14,1999-02-05,342,941
94,185,1972-06-01,2021-05-23,894,348
600,186,1985-10-11,1996-11-28,317,952
46,187,1971-01-11,2019-04-06,660,390
617,188,1972-07-12,2012-04-18,861,569
856,189,1989-08-01,2014-02-11,487,873
767,190,1987-12-03,2012-04-08,393,74
918,191,1976-05-22,2007-03-15,550,488
441,192,1970-01-01,2005-10-21,219,810
293,193,1983-03-06,1998-09-13,91,16
234,194,1970-09-18,2001-07-18,912,222
684,195,1986-04-30,2022-10-15,454,320
837,196,1972-12-03,1997-12-08,336,834
862,197,1987-09-25,1996-12-10,522,85
24,198,1971-08-20,2010-08-26,950,769
859,199,1979-03-27,1999-07-26,827,673
117,200,1991-02-26,1999-08-13,309,286
451,201,1980-11-16,2000-04-22,775,689
800,202,1996-05-15,2006-07-05,888,67
47,203,1991-08-26,2015-08-28,198,947
904,204,1971-07-24,2002-01-05,509,406
359,205,1974-11-14,2013-11-05,21,554
506,206,1987-09-01,2006-11-28,422,235
224,207,1985-01-02,2003-12-17,892,735
747,208,1996-01-31,2015-07-15,657,899
791,209,1995-01-14,2007-05-08,620,419
32,210,1974-06-23,2004-01-28,673,609
455,211,1995-02-27,2014-04-13,855,399
119,212,1970-03-05,2014-04-26,295,60
160,213,1980-12-05,1997-01-01,287,896
33,214,1970-01-06,1997-01-02,91,781
254,215,1970-01-07,2011-12-02,708,856
42,216,1987-07-01,2013-04-07,44,631
153,217,1980-05-25,2004-04-27,82,553
909,218,1986-02-23,2001-07-29,142,505
230,219,1993-10-20,2001-04-23,987,645
481,220,1991-04-05,2011-06-07,567,536
268,221,1993-03-29,1996-12-06,848,816
490,222,1985-03-09,2007-08-26,929,61
920,223,1970-11-26,2001-12-20,669,477
273,224,1996-01-30,2020-05-06,59,420
19,225,1974-05-01,1997-08-03,7,546
823,226,1995-09-21,2003-12-12,963,617
488,227,1984-03-28,2020-09-27,635,193
40,228,1993-04-25,2006-10-31,649,597
668,229,1980-07-13,2010-07-29,767,899
689,230,1985-05-03,1998-07-18,395,440
691,231,1991-04-15,2021-02-17,892,981
493,232,1992-03-19,2003-05-03,201,748
623,233,1970-01-01,2019-05-25,671,473
668,234,1970-01-03,2012-12-10,247,586
463,235,1987-03-07,2004-04-09,292,365
522,236,1970-02-19,2009-05-28,824,698
897,237,1971-12-30,2018-03-27,690,555
725,238,1995-02-14,2015-11-08,328,922
87,239,1985-10-02,1997-01-06,565,238
616,240,1970-03-11,1996-11-28,529,822
529,241,1979-10-03,2019-07-23,455,451
720,242,1994-06-04,1999-01-20,628,100
841,243,1973-05-19,2002-02-24,847,379
883,244,1981-05-07,1996-12-04,376,968
330,245,1985-09-19,2019-12-13,102,885
606,246,1986-10-11,2006-04-28,495,856
619,247,1986-04-04,2000-06-13,454,954
637,248,1982-07-30,1996-12-01,66,843
622,249,1983-04-19,2001-08-06,678,896
552,250,1986-11-22,2013-10-23,535,421
657,251,1976-01-30,2004-09-19,631,398
314,252,1970-01-10,1996-12-14,530,201
921,253,1970-01-10,2014-05-23,859,358
826,254,1979-12-15,2005-07-19,791,59
942,255,1970-01-25,2012-04-11,914,329
977,256,1979-04-01,2014-05-15,47,103
505,257,1993-12-17,2022-06-06,86,948
889,258,1970-09-16,2010-08-08,59,265
767,259,1971-09-18,2007-09-18,482,931
36,260,1971-11-28,2019-12-16,481,253
597,261,1989-12-25,2008-05-30,826,923
773,262,1987-12-07,2006-05-05,384,667
848,263,1974-12-04,2007-12-24,976,353
964,264,1989-12-18,2001-08-04,100,608
424,265,1992-11-23,2010-07-14,758,692
252,266,1973-04-19,2012-05-16,57,919
430,267,1993-01-19,2020-12-19,590,935
986,268,1984-06-20,1996-12-07,408,349
776,269,1985-04-02,2015-10-22,541,596
957,270,1970-09-25,2019-07-07,962,536
219,271,1993-01-27,2004-02-10,657,321
263,272,1985-11-25,1997-03-07,553,605
630,273,1971-07-15,1997-10-08,964,754
321,274,1988-04-12,2015-03-17,974,867
406,275,1970-01-09,2018-09-22,410,219
930,276,1993-08-18,1996-12-16,80,636
199,277,1974-01-08,2012-06-17,110,184
872,278,1991-08-23,1997-02-22,852,995
324,279,1991-03-29,2006-12-08,181,365
213,280,1988-09-23,2021-06-14,358,779
132,281,1984-09-23,2008-02-25,547,970
756,282,1974-11-12,2003-08-09,297,30
686,283,1986-10-10,1998-06-12,121,977
826,284,1971-11-30,1996-11-28,613,844
654,285,1987-10-07,1996-12-04,227,109
227,286,1976-08-01,2011-06-19,959,877
317,287,1986-01-17,2018-12-06,291,521
389,288,1970-02-21,1996-12-05,243,253
899,289,1970-07-26,1997-04-20,718,178
145,290,1978-05-21,1997-07-20,875,156
338,291,1970-03-20,2019-12-21,825,902
315,292,1981-06-20,2010-11-03,105,841
775,293,1985-07-10,2012-01-18,849,813
805,294,1970-02-10,2010-04-02,960,107
586,295,1988-05-22,2010-04-17,823,323
907,296,1970-01-10,2002-05-07,347,105
28,297,1970-04-05,2004-02-02,256,923
429,298,1974-05-03,2019-11-16,234,759
285,299,1986-06-09,1997-02-05,889,743
4,300,1970-03-23,1997-06-16,118,374
583,301,1974-07-04,1999-04-28,311,61
50,302,1981-09-29,1998-09-12,491,283
30,303,1987-06-13,1996-12-06,324,163
496,304,1993-04-06,2012-10-03,855,785
245,305,1973-04-20,2002-08-28,561,40
471,306,1977-03-13,2012-08-26,154,757
970,307,1978-04-29,1997-01-13,66,872
464,308,1978-04-14,2005-08-22,39,367
682,309,1985-09-10,2006-08-24,749,614
54,310,1972-03-25,1998-07-08,637,132
282,311,1990-05-30,2014-05-23,134,586
800,312,1973-09-26,2006-09-28,222,465
948,313,1970-01-10,1996-12-06,657,382
688,314,1986-04-14,2012-06-21,552,368
969,315,1987-10-20,2023-07-02,606,832
991,316,1996-06-13,1998-03-05,536,611
309,317,1987-01-24,1997-07-10,834,657
18,318,1988-08-29,2019-07-02,240,829
41,319,1993-08-09,2013-02-08,915,872
364,320,1970-12-13,2017-08-18,792,356
631,321,1975-05-23,1996-12-03,100,203
206,322,1970-04-22,1997-09-09,293,475
456,323,1974-05-17,2013-09-26,783,549
158,324,1971-08-18,2005-10-07,821,262
23,325,1978-09-21,1997-01-26,152,82
194,326,1979-02-15,2021-04-14,343,300
565,327,1970-01-03,2019-04-09,537,695
485,328,1970-01-01,1996-12-03,55,149
679,329,1987-05-12,2018-11-06,330,761
251,330,1995-10-19,2017-07-20,595,904
735,331,1995-09-24,2003-03-22,355,120
661,332,1972-08-27,2006-07-31,879,734
242,333,1986-04-03,2012-07-04,758,165
115,334,1970-03-29,2013-02-07,631,154
682,335,1978-06-21,2010-01-10,583,203
819,336,1972-06-19,1998-04-22,767,768
433,337,1975-07-20,1996-12-06,973,447
736,338,1984-09-08,1996-12-04,405,504
267,339,1992-11-12,2012-04-14,994,211
905,340,1972-09-07,2003-07-26,208,215
537,341,1981-05-31,2019-05-17,621,867
665,342,1987-12-18,2007-04-10,992,876
276,343,1982-02-03,1997-07-02,115,211
406,344,1984-10-19,2021-07-02,734,455
445,345,1987-02-16,2020-07-11,970,270
974,346,1990-05-07,2002-10-20,636,499
534,347,1984-03-15,2012-04-28,14,885
497,348,1970-04-02,1999-03-15,812,62
323,349,1990-06-19,1998-09-04,190,989
503,350,1993-07-08,1999-11-08,730,472
834,351,1987-09-12,2009-11-23,499,526
617,352,1982-04-01,2020-06-03,553,337
843,353,1980-06-09,2020-01-31,356,839
465,354,1996-07-28,2015-04-09,841,33
935,355,1989-06-19,1997-07-02,193,137
26,356,1972-10-02,2019-07-30,515,743
992,357,1977-02-22,2013-10-02,45,278
811,358,1978-03-18,1996-12-17,937,214
788,359,1970-01-09,2003-02-03,870,732
246,360,1971-01-28,1996-11-30,405,206
813,361,1988-12-15,2007-09-29,11,377
858,362,1972-08-11,2021-06-28,703,941
479,363,1977-09-09,1998-03-19,370,702
682,364,1978-08-10,1999-01-16,437,549
693,365,1985-05-05,2009-07-24,470,871
271,366,1993-04-30,1997-01-01,518,173
556,367,1970-03-28,2001-12-23,115,505
635,368,1973-06-25,2006-06-08,16,955
20,369,1975-05-11,2004-03-27,46,202
381,370,1971-10-30,1997-06-30,301,729
952,371,1974-07-13,2000-08-13,384,113
529,372,1994-04-30,2005-12-29,871,850
514,373,1970-01-04,2017-01-15,372,753
397,374,1970-01-10,2015-04-02,4,787
953,375,1977-03-25,2014-06-12,442,930
593,376,1995-11-11,1997-05-07,816,618
684,377,1982-10-23,1997-01-13,518,537
159,378,1970-03-08,2010-11-07,896,682
616,379,1987-09-04,2005-04-02,603,223
475,380,1972-07-08,2020-11-29,612,96
98,381,1973-04-14,1999-07-13,979,71
85,382,1980-07-11,1997-02-07,286,482
958,383,1970-01-08,2014-04-01,22,47
368,384,1981-06-04,2001-06-30,290,914
471,385,1982-01-30,1997-02-05,435,851
321,386,1981-05-02,2009-03-03,576,151
604,387,1982-09-28,1996-12-10,547,778
826,388,1972-01-02,1996-11-30,164,479
215,389,1988-10-22,2011-08-02,543,665
395,390,1976-05-11,2019-10-26,998,940
717,391,1970-01-09,2010-03-01,777,844
495,392,1994-03-08,1997-02-24,934,504
330,393,1981-07-17,1997-01-30,949,851
821,394,1978-04-30,2019-05-03,358,253
520,395,1975-06-18,2023-09-04,241,584
85,396,1970-01-08,1999-09-25,242,852
136,397,1970-01-14,1996-12-06,154,432
653,398,1989-02-25,2002-06-03,600,546
562,399,1970-01-16,2004-06-24,297,185
977,400,1970-04-07,1998-01-31,553,470
149,401,1985-11-01,1996-12-01,188,416
541,402,1975-02-21,1996-12-15,179,102
817,403,1980-08-15,2002-07-13,636,457
640,404,1970-03-11,2007-02-23,733,718
1,405,1974-08-04,2002-01-16,601,770
932,406,1971-01-29,1998-02-03,57,426
248,407,1975-03-27,2019-01-19,895,334
956,408,1978-05-12,2019-02-23,83,847
383,409,1990-09-27,2005-07-06,15,662
57,410,1994-05-27,2012-03-24,423,55
932,411,1989-05-03,1997-01-01,106,980
696,412,1981-11-15,2011-12-24,17,323
764,413,1973-04-22,2018-02-02,200,164
749,414,1973-09-19,2017-06-01,976,278
64,415,1972-10-10,1997-01-08,733,729
820,416,1975-02-05,2016-10-13,313,576
488,417,1995-06-22,2011-05-09,500,313
135,418,1979-03-08,1997-10-30,397,715
732,419,1992-06-02,1997-08-07,724,754
825,420,1993-03-25,2019-01-19,276,641
671,421,1979-03-20,2012-07-01,210,770
949,422,1970-01-13,1998-12-06,678,943
231,423,1995-10-31,1997-01-23,23,50
394,424,1988-08-07,1996-11-28,531,251
412,425,1987-04-04,2010-01-02,917,79
672,426,1970-02-18,2018-08-07,455,53
132,427,1970-12-07,2016-11-13,997,881
540,428,1988-07-07,1996-12-02,570,984
356,429,1981-03-19,2008-05-07,988,391
502,430,1971-08-12,1996-12-02,550,313
210,431,1970-02-03,2018-04-23,467,362
129,432,1977-02-02,2020-05-09,718,803
580,433,1992-03-04,2014-02-07,995,378
746,434,1978-09-30,2015-11-07,568,391
961,435,1989-06-27,1997-12-28,576,502
73,436,1993-01-29,2003-06-12,827,809
354,437,1994-07-04,2012-03-18,787,695
671,438,1970-01-17,1998-01-24,921,540
937,439,1995-10-12,2012-08-16,278,375
969,440,1971-12-24,1996-12-01,992,908
108,441,1991-04-10,2000-05-31,52,879
684,442,1970-02-23,1996-12-06,895,112
522,443,1976-07-11,1999-05-29,187,666
962,444,1970-03-01,1996-12-07,759,786
59,445,1996-02-01,1996-11-30,762,258
696,446,1978-06-15,1999-10-09,759,907
269,447,1994-04-19,1996-12-01,705,613
567,448,1992-07-29,1996-12-12,15,769
429,449,1992-04-01,2010-12-31,556,170
382,450,1987-05-22,2022-01-15,340,97
735,451,1991-06-05,1999-03-17,186,340
691,452,1989-08-05,1999-12-12,939,19
422,453,1973-10-01,2006-03-15,377,144
1,454,1989-07-23,2021-03-07,144,516
746,455,1990-02-10,1997-01-04,176,661
716,456,1994-02-18,1997-04-16,206,417
63,457,1994-04-06,2011-10-11,359,864
313,458,1989-04-03,2011-10-26,627,38
349,459,1995-04-20,2015-07-17,904,103
590,460,1991-09-29,1997-12-10,288,28
886,461,1975-06-17,2000-03-24,737,708
484,462,1975-11-03,2021-10-09,209,231
918,463,1971-10-28,2022-09-02,792,588
267,464,1970-01-31,2020-01-30,613,314
343,465,1970-06-13,1997-02-10,63,241
908,466,1994-01-10,2023-04-06,468,641
477,467,1971-01-04,1998-11-19,192,496
786,468,1995-03-16,2018-01-18,105,450
457,469,1975-11-03,2007-05-26,704,45
770,470,1979-05-08,2003-12-24,103,332
551,471,1984-06-11,2011-01-30,325,843
256,472,1978-09-28,2000-04-28,733,53
181,473,1977-05-21,2017-06-13,119,26
998,474,1972-05-27,2014-07-26,347,790
157,475,1972-03-03,2022-05-03,1000,468
95,476,1970-01-04,2009-07-08,924,550
622,477,1990-05-26,1997-06-18,633,605
634,478,1970-03-09,2021-12-11,195,409
321,479,1987-04-04,1996-12-18,216,29
646,480,1993-11-19,2005-05-04,124,480
973,481,1995-07-28,1996-12-04,910,569
828,482,1978-01-01,1996-12-03,185,647
683,483,1973-07-07,2020-02-18,993,678
267,484,1985-12-01,2011-12-18,180,510
779,485,1970-01-04,2016-11-29,238,831
644,486,1990-02-14,2020-05-16,375,804
932,487,1978-12-04,2011-10-13,902,93
111,488,1995-12-08,2011-07-22,168,730
95,489,1984-11-20,2013-03-22,94,872
744,490,1986-08-20,2002-03-28,785,976
82,491,1991-04-02,1997-01-05,196,432
417,492,1992-07-28,2015-04-07,90,634
218,493,1971-03-23,2017-08-08,894,971
965,494,1983-07-12,2016-10-10,580,716
8,495,1989-04-12,2006-08-25,954,804
740,496,1973-09-15,2011-10-18,439,516
241,497,1978-07-30,1996-12-02,670,433
890,498,1974-09-18,2009-01-18,961,207
585,499,1970-01-09,2009-11-04,810,112
366,500,1992-02-14,2015-05-16,790,56
530,501,1976-07-02,1996-12-06,831,602
863,502,1972-03-09,1996-12-01,65,846
321,503,1982-03-17,2000-09-20,697,725
771,504,1995-02-13,2011-06-25,258,523
162,505,1994-04-01,2017-03-24,169,878
375,506,1995-01-15,2021-01-21,823,605
527,507,1973-10-07,2002-08-27,322,49
377,508,1970-08-02,2009-07-27,103,180
624,509,1986-11-14,2008-02-26,194,33
946,510,1970-01-03,2020-10-03,314,598
149,511,1985-06-08,1996-12-08,474,180
76,512,1975-01-23,2019-07-21,376,475
855,513,1993-02-12,2012-04-11,562,336
330,514,1974-03-30,1998-12-30,639,435
786,515,1977-07-31,1996-12-03,685,372
806,516,1990-07-19,1997-04-04,469,369
557,517,1986-11-11,1997-08-07,902,948
832,518,1976-04-15,1996-12-02,686,409
158,519,1991-11-20,2009-09-06,272,258
439,520,1970-09-01,2014-03-15,533,821
317,521,1976-10-18,2009-12-30,391,482
57,522,1985-04-21,2005-10-13,989,584
775,523,1975-07-03,2018-09-05,705,221
225,524,1976-07-28,2013-01-18,848,290
358,525,1973-08-15,2013-07-07,866,640
572,526,1975-01-21,2009-12-21,308,387
177,527,1976-04-02,2019-12-06,648,966
588,528,1970-01-07,1997-05-24,326,742
358,529,1987-10-07,2004-05-18,42,994
287,530,1972-08-14,1997-05-08,105,958
881,531,1973-02-11,1996-12-07,720,494
295,532,1970-01-09,2019-04-22,206,50
647,533,1990-11-10,1996-11-30,935,471
550,534,1970-02-28,2020-11-19,675,374
894,535,1985-09-21,2019-08-01,270,619
74,536,1988-12-15,2008-06-23,154,397
781,537,1970-05-14,2003-12-31,90,510
441,538,1972-02-13,2007-11-22,784,553
169,539,1993-08-25,2004-01-21,900,150
983,540,1989-12-26,2000-06-09,602,764
132,541,1979-06-03,1997-03-13,551,894
156,542,1970-01-02,1998-12-18,564,341
412,543,1993-09-02,1998-12-16,685,985
229,544,1990-03-05,2018-08-27,242,139
795,545,1992-10-06,1998-05-31,881,190
937,546,1970-01-01,2018-03-03,315,382
209,547,1991-12-28,2005-06-02,833,743
688,548,1983-11-08,2017-04-20,727,366
19,549,1970-01-10,2020-08-30,98,74
672,550,1994-12-02,1997-09-20,593,310
719,551,1976-05-29,1998-01-04,253,627
512,552,1981-11-07,2008-04-05,237,913
277,553,1970-09-27,2002-03-04,19,185
399,554,1971-03-13,1997-02-09,522,790
110,555,1970-01-04,1996-12-09,948,986
351,556,1978-06-28,2008-12-21,122,425
462,557,1988-12-11,2012-02-23,824,26
400,558,1971-06-10,2006-06-09,818,633
425,559,1970-01-03,1996-11-30,583,773
494,560,1984-03-08,2019-02-03,273,615
642,561,1972-07-19,1997-02-05,364,964
592,562,1970-01-01,1997-04-28,820,236
204,563,1987-05-20,2007-10-25,984,531
911,564,1972-02-24,2005-05-18,276,196
414,565,1988-04-30,2020-07-01,337,518
240,566,1972-02-10,1996-12-04,868,437
884,567,1975-08-10,2015-09-14,730,887
494,568,1982-03-17,1996-11-28,71,582
509,569,1977-07-31,2011-10-26,750,660
350,570,1970-01-10,1997-02-05,623,747
376,571,1992-08-16,1996-12-04,75,651
466,572,1979-12-08,1996-12-02,662,179
75,573,1971-11-17,1996-12-07,300,744
556,574,1990-10-09,2008-01-21,116,908
477,575,1990-03-17,1999-06-13,276,770
731,576,1970-02-02,1999-01-02,719,630
403,577,1992-03-08,2019-06-28,615,881
135,578,1978-04-12,2002-03-17,152,182
994,579,1970-01-13,2021-05-11,758,465
902,580,1970-03-08,2001-08-01,529,462
578,581,1984-02-25,1997-09-19,498,365
664,582,1976-01-22,2023-05-11,537,45
399,583,1983-07-20,1997-01-10,337,95
296,584,1971-06-11,1996-11-28,27,670
262,585,1993-11-08,2015-07-14,97,828
839,586,1988-03-01,1996-12-03,599,682
270,587,1992-10-21,2022-09-21,775,256
471,588,1991-02-08,1996-12-06,773,707
550,589,1975-08-25,2016-12-31,705,934
363,590,1996-11-19,2018-02-07,901,733
880,591,1978-03-09,2003-01-26,87,888
392,592,1970-07-16,2016-03-08,96,742
956,593,1970-11-27,2015-05-22,740,425
816,594,1987-11-08,2022-06-29,667,715
974,595,1977-01-06,2000-04-13,903,856
21,596,1977-07-22,1996-12-06,908,852
690,597,1971-07-03,2010-09-22,110,207
178,598,1980-08-09,1998-08-07,154,674
171,599,1982-02-01,2019-09-16,605,775
824,600,1970-02-20,2007-05-29,309,812
641,601,1977-08-28,2003-07-13,155,406
993,602,1995-04-03,2012-08-05,30,51
442,603,1970-01-01,1998-06-20,387,782
209,604,1993-04-29,2020-08-20,894,391
555,605,1970-01-01,1997-07-11,190,161
7,606,1970-09-29,2009-02-21,373,816
58,607,1978-07-22,1996-12-04,794,473
280,608,1970-03-02,2006-10-23,57,320
911,609,1988-10-01,2015-10-28,194,937
990,610,1970-01-04,2009-08-05,409,389
162,611,1975-11-24,2016-12-13,820,215
382,612,1973-01-11,2002-05-30,428,613
744,613,1994-03-13,2003-07-18,663,643
886,614,1980-02-03,1997-10-16,354,847
796,615,1982-02-26,2010-01-22,45,270
218,616,1987-06-04,2013-01-30,276,601
290,617,1970-01-03,2009-09-22,535,633
809,618,1970-05-25,1996-11-28,570,197
532,619,1992-11-24,2003-07-04,180,893
655,620,1970-03-02,2004-04-10,665,195
527,621,1977-05-26,2010-09-12,446,766
673,622,1982-07-21,1996-12-24,436,336
893,623,1982-08-25,2006-07-15,793,67
93,624,1978-06-30,1998-10-24,536,347
180,625,1970-01-30,2006-01-23,434,566
340,626,1983-01-10,2006-08-30,119,644
732,627,1975-11-14,2017-07-17,132,659
446,628,1984-03-07,1997-01-25,429,135
443,629,1985-09-10,2022-10-01,218,679
379,630,1994-08-26,2006-10-20,913,927
194,631,1982-05-27,1997-08-08,158,344
76,632,1983-02-13,1997-12-22,700,67
425,633,1971-06-27,1999-06-21,252,687
95,634,1992-05-30,1999-09-03,884,483
989,635,1979-03-08,2022-07-14,936,785
575,636,1979-07-18,2005-07-25,627,979
240,637,1970-12-30,2002-02-17,724,501
36,638,1982-04-14,2020-01-03,810,400
389,639,1974-03-10,2021-09-30,203,707
118,640,1970-02-25,2007-03-25,454,196
771,641,1994-06-01,2018-12-01,930,522
65,642,1970-02-09,2005-06-19,314,848
592,643,1987-03-30,2008-07-18,687,603
840,644,1982-12-07,2007-01-15,725,293
479,645,1970-01-30,2018-09-21,150,387
11,646,1970-01-02,1997-11-19,765,638
490,647,1970-02-15,1997-11-16,548,874
158,648,1994-02-21,2013-04-02,122,793
203,649,1972-02-17,2009-10-03,953,364
489,650,1983-12-23,2003-04-11,270,105
277,651,1991-02-08,2022-11-05,184,661
825,652,1980-06-18,1998-04-28,834,336
421,653,1993-05-03,2013-11-10,22,961
842,654,1970-08-05,1996-11-29,461,852
919,655,1994-12-28,2019-02-09,105,601
541,656,1993-08-22,2023-05-15,287,643
346,657,1970-01-31,2010-04-12,632,742
752,658,1986-04-24,2020-05-23,345,609
76,659,1971-04-29,1998-08-10,314,982
445,660,1970-01-05,2018-11-19,625,775
684,661,1973-09-29,2020-08-17,856,485
911,662,1985-09-12,2015-03-06,989,580
855,663,1996-01-25,2022-07-15,337,49
504,664,1980-05-30,1997-05-21,696,74
797,665,1991-05-18,2022-12-29,369,957
463,666,1985-08-04,1997-05-04,557,493
598,667,1970-03-18,2021-07-22,479,559
310,668,1988-08-06,2004-11-07,955,817
16,669,1972-12-19,2019-09-02,667,325
34,670,1983-01-04,2001-03-03,806,314
312,671,1970-01-08,2014-01-01,304,856
977,672,1987-02-17,2000-05-15,383,910
656,673,1970-03-02,2019-01-21,247,143
361,674,1985-07-11,2023-03-11,883,205
802,675,1976-09-06,2009-04-21,408,531
462,676,1989-04-24,1997-07-15,510,533
372,677,1970-01-10,1996-12-04,416,58
689,678,1995-04-30,2017-07-12,658,557
801,679,1992-08-18,2004-12-03,302,666
28,680,1986-03-09,1996-12-27,285,747
83,681,1980-12-04,2019-05-04,633,679
917,682,1995-03-27,1998-05-12,247,725
446,683,1995-06-23,2006-03-31,263,115
458,684,1977-06-24,2007-04-08,681,827
402,685,1979-10-31,1997-02-03,746,72
159,686,1987-04-04,2023-01-05,176,79
595,687,1982-07-22,1996-11-29,786,678
952,688,1973-02-15,2003-09-06,331,738
914,689,1993-06-11,2015-01-11,615,193
215,690,1970-04-07,2019-11-18,54,124
684,691,1996-07-04,1998-07-16,446,488
217,692,1973-03-20,2015-02-25,122,269
243,693,1994-12-29,2005-12-14,226,833
870,694,1977-09-01,2015-12-23,536,65
8,695,1970-09-12,2008-08-09,39,201
629,696,1979-08-12,2015-09-03,800,355
540,697,1990-12-20,1996-11-30,936,545
629,698,1972-03-14,1996-11-29,317,433
378,699,1975-10-15,2001-06-20,245,435
304,700,1977-10-02,2017-12-13,202,581
367,701,1990-12-12,1998-01-13,900,676
614,702,1970-01-08,2017-10-22,287,895
5,703,1973-09-24,2001-06-30,415,469
692,704,1978-11-06,2018-11-28,310,637
135,705,1981-07-27,2022-07-25,564,428
598,706,1981-08-09,1996-11-29,694,295
154,707,1970-01-08,1997-03-08,691,991
777,708,1980-03-26,1997-01-05,291,483
192,709,1970-01-02,2017-02-06,958,937
143,710,1974-11-17,1999-09-24,157,110
364,711,1979-06-26,1997-12-22,943,805
639,712,1994-08-28,1997-02-04,170,931
77,713,1970-01-06,2006-07-06,391,849
690,714,1977-09-30,1999-12-21,474,691
667,715,1980-05-16,1999-07-25,223,887
589,716,1970-02-11,2017-08-27,377,717
98,717,1970-04-05,1998-09-14,768,577
605,718,1972-03-16,2001-11-28,5,958
390,719,1970-01-14,1997-02-11,15,626
978,720,1979-08-18,2008-09-23,507,946
173,721,1970-01-03,1997-09-03,28,955
552,722,1983-05-26,1997-10-22,381,492
818,723,1981-12-01,2001-12-16,782,783
8,724,1986-10-20,2022-07-04,914,566
277,725,1993-12-23,2006-09-08,762,958
14,726,1990-05-16,2004-07-15,964,732
241,727,1984-09-21,1998-04-29,491,856
919,728,1972-04-20,2022-08-02,752,290
192,729,1975-09-10,1998-11-13,677,884
699,730,1978-12-17,2008-04-27,168,945
531,731,1970-01-03,1996-12-04,523,380
559,732,1990-05-14,2020-12-22,471,527
401,733,1991-05-07,1997-02-09,60,6
391,734,1971-08-18,1997-06-14,360,871
18,735,1984-01-21,2017-05-07,308,111
571,736,1977-11-10,1997-01-01,957,591
369,737,1970-01-01,2015-05-25,517,647
250,738,1970-01-08,2003-09-10,528,892
55,739,1989-03-14,2019-01-25,532,483
335,740,1979-01-29,2014-07-26,581,817
428,741,1977-09-03,2002-04-19,965,807
958,742,1970-01-04,2019-03-11,339,819
54,743,1970-05-21,2000-07-26,533,22
673,744,1970-02-27,1997-01-27,942,642
703,745,1980-11-28,1997-04-04,203,472
370,746,1982-08-12,2009-11-24,3,785
555,747,1972-01-25,1996-11-28,63,299
398,748,1972-07-29,2022-09-04,622,306
483,749,1991-04-03,2013-07-21,97,529
632,750,1991-07-31,1997-01-06,4,32
388,751,1970-05-17,2014-10-08,743,562
559,752,1970-04-03,1997-02-17,580,397
586,753,1988-01-29,2011-12-29,274,889
974,754,1975-05-10,1999-12-14,894,759
494,755,1988-09-16,2020-11-27,751,650
901,756,1976-05-17,2018-06-17,263,676
958,757,1984-05-13,1997-01-07,844,496
589,758,1970-01-18,2000-06-22,661,646
717,759,1975-04-04,2010-06-15,159,458
377,760,1970-04-27,2000-04-04,206,400
59,761,1976-07-22,2019-11-06,984,819
351,762,1983-05-20,2018-08-27,636,75
586,763,1970-02-10,2006-06-21,332,403
130,764,1986-07-10,2006-05-07,25,421
914,765,1982-10-05,2020-10-18,125,501
425,766,1970-03-24,1996-12-02,647,266
489,767,1978-03-19,2017-07-31,184,577
520,768,1971-05-31,1999-12-04,207,941
761,769,1990-01-22,2016-04-06,10,460
531,770,1970-01-01,2014-06-16,637,354
863,771,1970-01-25,1997-11-01,6,83
178,772,1971-08-05,2008-06-05,466,120
607,773,1979-07-24,2001-11-07,643,857
283,774,1991-05-31,2009-10-01,88,843
649,775,1970-01-10,2011-12-30,27,573
786,776,1970-01-11,2008-01-05,88,255
136,777,1970-01-04,1999-10-06,455,113
668,778,1977-11-16,1997-04-28,790,939
353,779,1992-04-30,1997-02-09,984,154
660,780,1972-06-13,2010-09-11,931,108
664,781,1970-01-24,1997-01-15,944,966
188,782,1975-11-11,2014-05-02,771,751
888,783,1970-01-09,2004-02-04,949,466
606,784,1970-08-04,2012-02-09,920,846
982,785,1970-03-31,1997-09-08,426,916
996,786,1970-03-01,2005-01-24,157,298
988,787,1982-12-12,2017-03-28,239,980
80,788,1981-04-16,2010-03-17,923,93
495,789,1986-11-16,2017-08-28,819,362
468,790,1985-05-16,2001-12-09,820,891
202,791,1970-04-08,1998-06-22,908,122
253,792,1994-08-22,2003-11-09,939,140
425,793,1994-09-10,2022-11-23,721,978
574,794,1972-05-18,1996-12-12,57,639
229,795,1977-01-17,2015-02-17,763,463
212,796,1970-02-19,1996-12-27,675,946
516,797,1970-01-09,1997-03-03,611,743
51,798,1970-01-10,2022-05-21,616,88
859,799,1987-06-11,2011-05-08,256,340
404,800,1971-12-26,1997-01-07,394,30
125,801,1995-03-09,2018-12-14,567,272
594,802,1993-12-20,1999-03-29,193,663
818,803,1993-10-17,2014-10-05,791,714
957,804,1992-02-17,1999-05-04,643,346
230,805,1970-04-07,2008-08-20,952,431
339,806,1971-10-12,2011-02-04,583,335
962,807,1971-10-07,1996-12-06,669,816
745,808,1972-01-16,2002-01-20,907,400
329,809,1977-07-31,2001-11-12,485,373
870,810,1990-01-16,2020-01-27,768,869
481,811,1980-12-14,2000-12-02,839,194
137,812,1983-10-18,2022-03-17,800,793
699,813,1983-07-22,2007-10-05,667,955
238,814,1986-01-21,1998-02-05,549,546
835,815,1991-11-01,2019-12-20,284,969
298,816,1970-01-10,2018-03-04,94,972
143,817,1972-12-02,1998-06-08,907,211
1,818,1976-09-12,1996-12-04,386,329
920,819,1985-09-22,2001-09-27,309,425
71,820,1970-12-24,2003-05-16,469,397
92,821,1989-09-06,2021-02-15,712,66
926,822,1989-03-13,1996-12-28,858,677
734,823,1970-01-09,2023-08-28,477,336
513,824,1996-05-15,2005-09-03,16,491
256,825,1994-07-03,2005-09-24,56,652
811,826,1971-10-12,1997-02-17,842,247
785,827,1980-07-15,1997-02-17,714,43
905,828,1984-03-13,1997-01-08,772,591
489,829,1970-01-03,1997-05-18,765,537
673,830,1989-07-24,2009-10-24,354,31
162,831,1971-09-29,2002-12-02,164,870
466,832,1994-02-15,2020-04-23,163,744
777,833,1977-04-01,2000-06-17,579,419
481,834,1970-01-25,1996-12-29,964,239
172,835,1977-09-15,2019-04-12,774,97
73,836,1987-04-25,1998-01-06,256,129
408,837,1970-03-18,2017-07-29,41,695
514,838,1970-01-08,1996-11-28,978,803
301,839,1980-12-14,2003-08-29,605,213
921,840,1979-02-18,2003-07-02,15,839
500,841,1974-12-28,2010-01-10,7,955
1000,842,1977-03-23,2001-02-25,981,742
363,843,1970-01-23,2003-05-19,246,184
696,844,1971-11-01,2000-04-23,730,871
151,845,1972-08-07,1998-04-08,482,441
391,846,1971-05-12,2014-06-06,456,108
279,847,1970-11-30,1998-05-17,726,448
679,848,1971-09-05,2008-07-05,475,34
359,849,1977-06-13,2006-07-06,400,909
897,850,1987-06-25,2011-04-11,903,58
434,851,1977-05-27,1999-08-04,411,491
506,852,1989-07-20,1998-02-09,203,272
834,853,1990-12-04,2018-03-17,596,507
617,854,1970-03-31,2022-07-05,287,294
995,855,1983-10-30,2003-10-31,806,44
652,856,1983-07-17,1997-02-26,200,254
210,857,1984-08-29,2017-10-25,824,736
311,858,1985-07-23,2022-06-07,978,681
617,859,1981-12-07,1997-02-10,26,334
276,860,1977-09-16,2007-09-01,811,190
483,861,1993-07-19,2006-08-08,282,683
321,862,1971-09-07,2005-08-23,670,216
610,863,1975-06-04,2003-03-08,981,761
993,864,1979-10-15,2022-06-20,86,202
380,865,1974-04-04,1997-02-12,722,431
863,866,1974-08-01,2009-09-19,379,427
828,867,1988-03-26,2005-12-15,526,771
473,868,1982-10-28,2000-11-29,943,12
608,869,1970-01-06,2007-12-15,586,441
954,870,1987-04-01,2012-03-23,752,735
83,871,1994-10-28,1996-12-02,801,848
567,872,1975-12-24,2019-09-16,836,839
915,873,1992-08-09,1998-07-01,302,973
405,874,1970-01-03,1998-09-03,743,837
391,875,1974-03-22,1996-12-02,657,920
74,876,1977-08-29,2021-12-25,605,949
211,877,1970-01-05,1996-12-06,623,815
391,878,1977-02-08,2001-12-24,590,864
857,879,1983-01-25,2003-12-26,582,733
820,880,1970-01-05,1996-12-12,513,282
355,881,1972-08-30,2014-11-13,343,854
253,882,1980-04-03,2006-01-11,353,52
604,883,1970-01-08,1998-05-12,144,974
735,884,1982-12-24,2022-09-14,81,21
123,885,1988-06-13,1999-08-01,360,999
775,886,1989-11-05,2015-12-27,898,752
201,887,1981-08-08,1998-01-13,153,258
100,888,1989-05-24,2018-04-22,345,209
947,889,1988-04-20,2016-04-30,587,956
572,890,1971-08-21,2004-07-17,479,756
904,891,1970-01-08,2000-12-12,43,751
999,892,1989-08-31,2010-09-02,381,779
686,893,1974-04-16,2023-06-19,738,957
842,894,1970-04-20,1997-01-10,482,534
261,895,1970-07-22,2012-03-13,777,538
350,896,1980-02-11,2005-09-06,378,303
802,897,1976-12-18,2002-02-13,420,123
9,898,1970-09-25,2019-06-02,205,894
420,899,1994-02-21,2006-01-13,189,791
830,900,1987-12-28,2007-06-01,561,208
635,901,1985-12-10,2016-10-18,503,106
189,902,1996-06-02,1996-12-04,754,224
601,903,1988-02-10,1999-04-11,549,458
833,904,1982-11-18,1996-12-02,144,398
128,905,1982-03-06,2021-05-30,65,956
917,906,1990-07-04,1996-12-04,156,862
632,907,1994-09-04,2017-07-24,822,557
429,908,1980-11-18,1997-01-03,862,440
75,909,1993-01-15,1996-12-01,837,9
94,910,1980-07-15,2005-03-14,740,297
74,911,1970-06-03,2012-10-14,382,130
601,912,1979-03-16,2001-11-20,136,356
907,913,1970-02-12,2005-05-17,409,587
124,914,1985-10-02,2009-02-19,573,433
181,915,1989-09-14,2000-03-16,29,863
788,916,1985-09-11,2023-07-03,655,645
806,917,1970-10-25,1998-06-29,991,330
470,918,1972-03-29,2023-07-13,210,888
77,919,1994-04-20,1996-12-07,2,159
909,920,1988-08-16,2014-01-11,473,328
19,921,1990-06-09,2023-07-09,389,644
406,922,1970-03-31,2001-07-10,121,320
713,923,1972-01-05,2008-02-16,877,382
142,924,1987-10-26,2009-05-09,233,513
431,925,1972-07-27,2007-11-22,626,481
498,926,1993-12-17,1997-11-11,559,216
37,927,1995-02-17,2020-11-30,747,427
908,928,1994-04-11,1996-12-11,844,879
614,929,1990-11-11,2023-09-07,547,901
910,930,1995-08-08,2012-01-31,683,237
856,931,1994-10-16,1998-12-03,757,487
660,932,1987-12-15,1996-12-10,618,421
938,933,1970-09-25,2001-10-11,920,416
440,934,1970-01-16,2019-01-15,519,58
167,935,1996-02-09,2022-10-24,1,162
253,936,1993-05-30,2017-10-02,937,949
991,937,1992-06-20,2017-01-16,454,300
23,938,1971-12-14,1999-03-24,331,22
859,939,1971-11-11,1997-09-04,243,216
866,940,1971-04-01,1996-12-04,302,519
778,941,1989-10-06,2019-06-18,15,277
346,942,1985-12-21,2014-08-04,495,646
21,943,1973-02-10,2018-05-03,759,432
367,944,1980-03-28,1998-04-16,592,759
500,945,1977-11-30,2017-12-11,435,919
820,946,1984-10-15,2019-06-01,865,609
719,947,1985-11-22,1997-01-10,39,153
792,948,1971-12-13,2008-03-22,197,61
88,949,1970-01-09,1997-01-18,485,840
961,950,1973-01-11,2003-09-22,981,140
877,951,1986-05-24,2020-12-25,123,39
459,952,1985-04-08,2006-01-23,788,292
746,953,1988-05-08,2003-09-15,261,140
94,954,1974-01-19,1998-12-11,543,778
433,955,1972-07-27,1996-12-03,722,463
760,956,1970-03-06,2010-07-26,170,294
570,957,1994-11-20,2005-03-02,15,472
931,958,1976-02-02,2020-07-01,722,114
607,959,1990-09-11,2005-04-04,283,973
487,960,1983-09-16,2019-08-07,928,497
182,961,1981-09-18,1996-12-02,958,46
644,962,1974-06-05,1996-12-01,813,952
844,963,1970-08-22,2010-07-05,489,240
190,964,1973-08-31,2005-11-10,554,410
14,965,1989-04-16,1998-02-14,490,641
395,966,1985-12-28,2001-12-05,802,971
579,967,1970-01-05,2000-03-21,402,27
487,968,1982-05-03,2008-06-01,162,95
578,969,1994-09-01,1999-07-14,442,952
489,970,1974-09-03,2021-03-26,264,857
379,971,1994-12-06,2015-02-27,412,927
303,972,1990-01-14,2002-11-08,586,322
104,973,1987-05-16,2010-09-06,183,909
234,974,1985-03-27,2000-01-23,435,572
441,975,1982-04-17,2021-07-02,746,689
674,976,1970-03-30,2008-09-25,887,187
121,977,1980-03-12,2014-01-11,689,788
809,978,1972-03-25,1996-12-26,633,717
748,979,1991-10-09,2003-07-27,263,974
600,980,1988-03-30,2015-12-09,326,484
797,981,1975-05-24,2006-04-26,496,235
755,982,1970-02-27,1996-12-27,569,903
545,983,1981-03-07,2011-09-27,469,679
536,984,1976-12-15,2005-10-05,845,533
18,985,1985-09-17,2001-10-08,108,125
62,986,1985-12-22,2009-06-10,486,955
403,987,1970-01-03,2002-05-22,537,711
328,988,1989-09-17,2001-05-30,841,32
126,989,1994-01-24,2017-12-19,259,981
359,990,1984-05-23,2014-11-04,544,644
820,991,1992-02-12,1999-06-18,238,614
433,992,1986-05-07,1997-02-11,870,804
454,993,1981-01-05,2019-02-22,130,219
467,994,1970-01-07,2006-02-18,545,71
235,995,1970-12-26,1997-02-09,803,355
555,996,1989-05-09,2018-04-03,319,501
60,997,1971-01-13,2020-12-28,970,768
227,998,1984-06-13,2003-03-07,945,51
130,999,1975-01-21,2011-04-19,90,128
756,1000,1978-01-16,1998-05-07,887,320
